product_slug,display_order,is_primary,source_path,r2_key,public_url
anika-emerald-purple-temple-work-lehenga-choli,0,true,/Users/parthkaswala/Desktop/Amzira_Inventory/14/1/Back_View.jpg,catalog/anika-emerald-purple-temple-work-lehenga-choli/01.webp,https://cdn.amzira.com/catalog/anika-emerald-purple-temple-work-lehenga-choli/01.webp
anika-emerald-purple-temple-work-lehenga-choli,1,false,/Users/parthkaswala/Desktop/Amzira_Inventory/14/1/Choli.jpg,catalog/anika-emerald-purple-temple-work-lehenga-choli/02.webp,https://cdn.amzira.com/catalog/anika-emerald-purple-temple-work-lehenga-choli/02.webp
anika-emerald-purple-temple-work-lehenga-choli,2,false,/Users/parthkaswala/Desktop/Amzira_Inventory/14/1/Closure_View.jpg,catalog/anika-emerald-purple-temple-work-lehenga-choli/03.webp,https://cdn.amzira.com/catalog/anika-emerald-purple-temple-work-lehenga-choli/03.webp
anika-emerald-purple-temple-work-lehenga-choli,3,false,/Users/parthkaswala/Desktop/Amzira_Inventory/14/1/Front_View.jpg,catalog/anika-emerald-purple-temple-work-lehenga-choli/04.webp,https://cdn.amzira.com/catalog/anika-emerald-purple-temple-work-lehenga-choli/04.webp
anika-emerald-purple-temple-work-lehenga-choli,4,false,/Users/parthkaswala/Desktop/Amzira_Inventory/14/1/Lengha.jpg,catalog/anika-emerald-purple-temple-work-lehenga-choli/05.webp,https://cdn.amzira.com/catalog/anika-emerald-purple-temple-work-lehenga-choli/05.webp
anika-emerald-purple-temple-work-lehenga-choli,5,false,/Users/parthkaswala/Desktop/Amzira_Inventory/14/1/Side_View.jpg,catalog/anika-emerald-purple-temple-work-lehenga-choli/06.webp,https://cdn.amzira.com/catalog/anika-emerald-purple-temple-work-lehenga-choli/06.webp
meera-royal-blue-peach-peacock-lehenga-choli,0,true,/Users/parthkaswala/Desktop/Amzira_Inventory/14/2/Back_View.jpg,catalog/meera-royal-blue-peach-peacock-lehenga-choli/01.webp,https://cdn.amzira.com/catalog/meera-royal-blue-peach-peacock-lehenga-choli/01.webp
meera-royal-blue-peach-peacock-lehenga-choli,1,false,/Users/parthkaswala/Desktop/Amzira_Inventory/14/2/Choli.jpg,catalog/meera-royal-blue-peach-peacock-lehenga-choli/02.webp,https://cdn.amzira.com/catalog/meera-royal-blue-peach-peacock-lehenga-choli/02.webp
meera-royal-blue-peach-peacock-lehenga-choli,2,false,/Users/parthkaswala/Desktop/Amzira_Inventory/14/2/Closure_View.jpg,catalog/meera-royal-blue-peach-peacock-lehenga-choli/03.webp,https://cdn.amzira.com/catalog/meera-royal-blue-peach-peacock-lehenga-choli/03.webp
meera-royal-blue-peach-peacock-lehenga-choli,3,false,/Users/parthkaswala/Desktop/Amzira_Inventory/14/2/Front_View.jpg,catalog/meera-royal-blue-peach-peacock-lehenga-choli/04.webp,https://cdn.amzira.com/catalog/meera-royal-blue-peach-peacock-lehenga-choli/04.webp
meera-royal-blue-peach-peacock-lehenga-choli,4,false,/Users/parthkaswala/Desktop/Amzira_Inventory/14/2/Lengha.png,catalog/meera-royal-blue-peach-peacock-lehenga-choli/05.webp,https://cdn.amzira.com/catalog/meera-royal-blue-peach-peacock-lehenga-choli/05.webp
meera-royal-blue-peach-peacock-lehenga-choli,5,false,/Users/parthkaswala/Desktop/Amzira_Inventory/14/2/Side_View.jpg,catalog/meera-royal-blue-peach-peacock-lehenga-choli/06.webp,https://cdn.amzira.com/catalog/meera-royal-blue-peach-peacock-lehenga-choli/06.webp
aadhya-royal-blue-mustard-temple-border-lehenga-choli,0,true,/Users/parthkaswala/Desktop/Amzira_Inventory/14/3/Back_View.jpg,catalog/aadhya-royal-blue-mustard-temple-border-lehenga-choli/01.webp,https://cdn.amzira.com/catalog/aadhya-royal-blue-mustard-temple-border-lehenga-choli/01.webp
aadhya-royal-blue-mustard-temple-border-lehenga-choli,1,false,/Users/parthkaswala/Desktop/Amzira_Inventory/14/3/Closure_View.jpg,catalog/aadhya-royal-blue-mustard-temple-border-lehenga-choli/02.webp,https://cdn.amzira.com/catalog/aadhya-royal-blue-mustard-temple-border-lehenga-choli/02.webp
aadhya-royal-blue-mustard-temple-border-lehenga-choli,2,false,/Users/parthkaswala/Desktop/Amzira_Inventory/14/3/Front_View.jpg,catalog/aadhya-royal-blue-mustard-temple-border-lehenga-choli/03.webp,https://cdn.amzira.com/catalog/aadhya-royal-blue-mustard-temple-border-lehenga-choli/03.webp
aadhya-royal-blue-mustard-temple-border-lehenga-choli,3,false,/Users/parthkaswala/Desktop/Amzira_Inventory/14/3/Side_View.jpg,catalog/aadhya-royal-blue-mustard-temple-border-lehenga-choli/04.webp,https://cdn.amzira.com/catalog/aadhya-royal-blue-mustard-temple-border-lehenga-choli/04.webp
vanya-wine-green-peacock-work-pattu-pavadai,0,true,/Users/parthkaswala/Desktop/Amzira_Inventory/14/22/Back_View.png,catalog/vanya-wine-green-peacock-work-pattu-pavadai/01.webp,https://cdn.amzira.com/catalog/vanya-wine-green-peacock-work-pattu-pavadai/01.webp
vanya-wine-green-peacock-work-pattu-pavadai,1,false,/Users/parthkaswala/Desktop/Amzira_Inventory/14/22/Choli.png,catalog/vanya-wine-green-peacock-work-pattu-pavadai/02.webp,https://cdn.amzira.com/catalog/vanya-wine-green-peacock-work-pattu-pavadai/02.webp
vanya-wine-green-peacock-work-pattu-pavadai,2,false,/Users/parthkaswala/Desktop/Amzira_Inventory/14/22/Closure_View.png,catalog/vanya-wine-green-peacock-work-pattu-pavadai/03.webp,https://cdn.amzira.com/catalog/vanya-wine-green-peacock-work-pattu-pavadai/03.webp
vanya-wine-green-peacock-work-pattu-pavadai,3,false,/Users/parthkaswala/Desktop/Amzira_Inventory/14/22/Front_View.png,catalog/vanya-wine-green-peacock-work-pattu-pavadai/04.webp,https://cdn.amzira.com/catalog/vanya-wine-green-peacock-work-pattu-pavadai/04.webp
vanya-wine-green-peacock-work-pattu-pavadai,4,false,/Users/parthkaswala/Desktop/Amzira_Inventory/14/22/Lengha.png,catalog/vanya-wine-green-peacock-work-pattu-pavadai/05.webp,https://cdn.amzira.com/catalog/vanya-wine-green-peacock-work-pattu-pavadai/05.webp
vanya-wine-green-peacock-work-pattu-pavadai,5,false,/Users/parthkaswala/Desktop/Amzira_Inventory/14/22/Side_View.png,catalog/vanya-wine-green-peacock-work-pattu-pavadai/06.webp,https://cdn.amzira.com/catalog/vanya-wine-green-peacock-work-pattu-pavadai/06.webp
ira-emerald-maroon-peacock-work-lehenga-choli,0,true,/Users/parthkaswala/Desktop/Amzira_Inventory/14/5/Back_View.jpg,catalog/ira-emerald-maroon-peacock-work-lehenga-choli/01.webp,https://cdn.amzira.com/catalog/ira-emerald-maroon-peacock-work-lehenga-choli/01.webp
ira-emerald-maroon-peacock-work-lehenga-choli,1,false,/Users/parthkaswala/Desktop/Amzira_Inventory/14/5/Choli.png,catalog/ira-emerald-maroon-peacock-work-lehenga-choli/02.webp,https://cdn.amzira.com/catalog/ira-emerald-maroon-peacock-work-lehenga-choli/02.webp
ira-emerald-maroon-peacock-work-lehenga-choli,2,false,/Users/parthkaswala/Desktop/Amzira_Inventory/14/5/Closure_View.jpg,catalog/ira-emerald-maroon-peacock-work-lehenga-choli/03.webp,https://cdn.amzira.com/catalog/ira-emerald-maroon-peacock-work-lehenga-choli/03.webp
ira-emerald-maroon-peacock-work-lehenga-choli,3,false,/Users/parthkaswala/Desktop/Amzira_Inventory/14/5/Front_View.jpg,catalog/ira-emerald-maroon-peacock-work-lehenga-choli/04.webp,https://cdn.amzira.com/catalog/ira-emerald-maroon-peacock-work-lehenga-choli/04.webp
ira-emerald-maroon-peacock-work-lehenga-choli,4,false,/Users/parthkaswala/Desktop/Amzira_Inventory/14/5/Lengha.png,catalog/ira-emerald-maroon-peacock-work-lehenga-choli/05.webp,https://cdn.amzira.com/catalog/ira-emerald-maroon-peacock-work-lehenga-choli/05.webp
ira-emerald-maroon-peacock-work-lehenga-choli,5,false,/Users/parthkaswala/Desktop/Amzira_Inventory/14/5/Side_View.jpg,catalog/ira-emerald-maroon-peacock-work-lehenga-choli/06.webp,https://cdn.amzira.com/catalog/ira-emerald-maroon-peacock-work-lehenga-choli/06.webp
nila-red-royal-blue-jacquard-work-lehenga-choli,0,true,/Users/parthkaswala/Desktop/Amzira_Inventory/14/6/Back_View.jpg,catalog/nila-red-royal-blue-jacquard-work-lehenga-choli/01.webp,https://cdn.amzira.com/catalog/nila-red-royal-blue-jacquard-work-lehenga-choli/01.webp
nila-red-royal-blue-jacquard-work-lehenga-choli,1,false,/Users/parthkaswala/Desktop/Amzira_Inventory/14/6/Choli.jpg,catalog/nila-red-royal-blue-jacquard-work-lehenga-choli/02.webp,https://cdn.amzira.com/catalog/nila-red-royal-blue-jacquard-work-lehenga-choli/02.webp
nila-red-royal-blue-jacquard-work-lehenga-choli,2,false,/Users/parthkaswala/Desktop/Amzira_Inventory/14/6/Closure_View.jpg,catalog/nila-red-royal-blue-jacquard-work-lehenga-choli/03.webp,https://cdn.amzira.com/catalog/nila-red-royal-blue-jacquard-work-lehenga-choli/03.webp
nila-red-royal-blue-jacquard-work-lehenga-choli,3,false,/Users/parthkaswala/Desktop/Amzira_Inventory/14/6/Front_View.jpg,catalog/nila-red-royal-blue-jacquard-work-lehenga-choli/04.webp,https://cdn.amzira.com/catalog/nila-red-royal-blue-jacquard-work-lehenga-choli/04.webp
nila-red-royal-blue-jacquard-work-lehenga-choli,4,false,/Users/parthkaswala/Desktop/Amzira_Inventory/14/6/Lengha.jpg,catalog/nila-red-royal-blue-jacquard-work-lehenga-choli/05.webp,https://cdn.amzira.com/catalog/nila-red-royal-blue-jacquard-work-lehenga-choli/05.webp
nila-red-royal-blue-jacquard-work-lehenga-choli,5,false,/Users/parthkaswala/Desktop/Amzira_Inventory/14/6/Side_View.jpg,catalog/nila-red-royal-blue-jacquard-work-lehenga-choli/06.webp,https://cdn.amzira.com/catalog/nila-red-royal-blue-jacquard-work-lehenga-choli/06.webp
tara-peach-purple-peacock-work-pattu-pavadai,0,true,/Users/parthkaswala/Desktop/Amzira_Inventory/14/7/Back_View.jpg,catalog/tara-peach-purple-peacock-work-pattu-pavadai/01.webp,https://cdn.amzira.com/catalog/tara-peach-purple-peacock-work-pattu-pavadai/01.webp
tara-peach-purple-peacock-work-pattu-pavadai,1,false,/Users/parthkaswala/Desktop/Amzira_Inventory/14/7/Choli.jpg,catalog/tara-peach-purple-peacock-work-pattu-pavadai/02.webp,https://cdn.amzira.com/catalog/tara-peach-purple-peacock-work-pattu-pavadai/02.webp
tara-peach-purple-peacock-work-pattu-pavadai,2,false,/Users/parthkaswala/Desktop/Amzira_Inventory/14/7/Closure_View.jpg,catalog/tara-peach-purple-peacock-work-pattu-pavadai/03.webp,https://cdn.amzira.com/catalog/tara-peach-purple-peacock-work-pattu-pavadai/03.webp
tara-peach-purple-peacock-work-pattu-pavadai,3,false,/Users/parthkaswala/Desktop/Amzira_Inventory/14/7/Front_View.jpg,catalog/tara-peach-purple-peacock-work-pattu-pavadai/04.webp,https://cdn.amzira.com/catalog/tara-peach-purple-peacock-work-pattu-pavadai/04.webp
tara-peach-purple-peacock-work-pattu-pavadai,4,false,/Users/parthkaswala/Desktop/Amzira_Inventory/14/7/Lengha.jpg,catalog/tara-peach-purple-peacock-work-pattu-pavadai/05.webp,https://cdn.amzira.com/catalog/tara-peach-purple-peacock-work-pattu-pavadai/05.webp
tara-peach-purple-peacock-work-pattu-pavadai,5,false,/Users/parthkaswala/Desktop/Amzira_Inventory/14/7/Side_View.jpg,catalog/tara-peach-purple-peacock-work-pattu-pavadai/06.webp,https://cdn.amzira.com/catalog/tara-peach-purple-peacock-work-pattu-pavadai/06.webp
kavya-navy-red-peacock-work-lehenga-choli,0,true,/Users/parthkaswala/Desktop/Amzira_Inventory/14/8/Back_View.jpg,catalog/kavya-navy-red-peacock-work-lehenga-choli/01.webp,https://cdn.amzira.com/catalog/kavya-navy-red-peacock-work-lehenga-choli/01.webp
kavya-navy-red-peacock-work-lehenga-choli,1,false,/Users/parthkaswala/Desktop/Amzira_Inventory/14/8/Choli.jpg,catalog/kavya-navy-red-peacock-work-lehenga-choli/02.webp,https://cdn.amzira.com/catalog/kavya-navy-red-peacock-work-lehenga-choli/02.webp
kavya-navy-red-peacock-work-lehenga-choli,2,false,/Users/parthkaswala/Desktop/Amzira_Inventory/14/8/Closure_View.jpg,catalog/kavya-navy-red-peacock-work-lehenga-choli/03.webp,https://cdn.amzira.com/catalog/kavya-navy-red-peacock-work-lehenga-choli/03.webp
kavya-navy-red-peacock-work-lehenga-choli,3,false,/Users/parthkaswala/Desktop/Amzira_Inventory/14/8/Front_View.jpg,catalog/kavya-navy-red-peacock-work-lehenga-choli/04.webp,https://cdn.amzira.com/catalog/kavya-navy-red-peacock-work-lehenga-choli/04.webp
kavya-navy-red-peacock-work-lehenga-choli,4,false,/Users/parthkaswala/Desktop/Amzira_Inventory/14/8/Lengha.jpg,catalog/kavya-navy-red-peacock-work-lehenga-choli/05.webp,https://cdn.amzira.com/catalog/kavya-navy-red-peacock-work-lehenga-choli/05.webp
kavya-navy-red-peacock-work-lehenga-choli,5,false,/Users/parthkaswala/Desktop/Amzira_Inventory/14/8/Side_View.jpg,catalog/kavya-navy-red-peacock-work-lehenga-choli/06.webp,https://cdn.amzira.com/catalog/kavya-navy-red-peacock-work-lehenga-choli/06.webp
diya-yellow-pink-peacock-butta-pattu-pavadai,0,true,/Users/parthkaswala/Desktop/Amzira_Inventory/14/9/Back_View.jpg,catalog/diya-yellow-pink-peacock-butta-pattu-pavadai/01.webp,https://cdn.amzira.com/catalog/diya-yellow-pink-peacock-butta-pattu-pavadai/01.webp
diya-yellow-pink-peacock-butta-pattu-pavadai,1,false,/Users/parthkaswala/Desktop/Amzira_Inventory/14/9/Choli.jpg,catalog/diya-yellow-pink-peacock-butta-pattu-pavadai/02.webp,https://cdn.amzira.com/catalog/diya-yellow-pink-peacock-butta-pattu-pavadai/02.webp
diya-yellow-pink-peacock-butta-pattu-pavadai,2,false,/Users/parthkaswala/Desktop/Amzira_Inventory/14/9/Closure_View.jpg,catalog/diya-yellow-pink-peacock-butta-pattu-pavadai/03.webp,https://cdn.amzira.com/catalog/diya-yellow-pink-peacock-butta-pattu-pavadai/03.webp
diya-yellow-pink-peacock-butta-pattu-pavadai,3,false,/Users/parthkaswala/Desktop/Amzira_Inventory/14/9/Front_View.jpg,catalog/diya-yellow-pink-peacock-butta-pattu-pavadai/04.webp,https://cdn.amzira.com/catalog/diya-yellow-pink-peacock-butta-pattu-pavadai/04.webp
diya-yellow-pink-peacock-butta-pattu-pavadai,4,false,/Users/parthkaswala/Desktop/Amzira_Inventory/14/9/Lengha.jpg,catalog/diya-yellow-pink-peacock-butta-pattu-pavadai/05.webp,https://cdn.amzira.com/catalog/diya-yellow-pink-peacock-butta-pattu-pavadai/05.webp
diya-yellow-pink-peacock-butta-pattu-pavadai,5,false,/Users/parthkaswala/Desktop/Amzira_Inventory/14/9/Side_View.jpg,catalog/diya-yellow-pink-peacock-butta-pattu-pavadai/06.webp,https://cdn.amzira.com/catalog/diya-yellow-pink-peacock-butta-pattu-pavadai/06.webp
riya-purple-olive-tree-deer-pattu-pavadai,0,true,/Users/parthkaswala/Desktop/Amzira_Inventory/14/10/Back_View.jpg,catalog/riya-purple-olive-tree-deer-pattu-pavadai/01.webp,https://cdn.amzira.com/catalog/riya-purple-olive-tree-deer-pattu-pavadai/01.webp
riya-purple-olive-tree-deer-pattu-pavadai,1,false,/Users/parthkaswala/Desktop/Amzira_Inventory/14/10/Choli.jpg,catalog/riya-purple-olive-tree-deer-pattu-pavadai/02.webp,https://cdn.amzira.com/catalog/riya-purple-olive-tree-deer-pattu-pavadai/02.webp
riya-purple-olive-tree-deer-pattu-pavadai,2,false,/Users/parthkaswala/Desktop/Amzira_Inventory/14/10/Closure_View.jpg,catalog/riya-purple-olive-tree-deer-pattu-pavadai/03.webp,https://cdn.amzira.com/catalog/riya-purple-olive-tree-deer-pattu-pavadai/03.webp
riya-purple-olive-tree-deer-pattu-pavadai,3,false,/Users/parthkaswala/Desktop/Amzira_Inventory/14/10/Front_View.jpg,catalog/riya-purple-olive-tree-deer-pattu-pavadai/04.webp,https://cdn.amzira.com/catalog/riya-purple-olive-tree-deer-pattu-pavadai/04.webp
riya-purple-olive-tree-deer-pattu-pavadai,4,false,/Users/parthkaswala/Desktop/Amzira_Inventory/14/10/Lengha.jpg,catalog/riya-purple-olive-tree-deer-pattu-pavadai/05.webp,https://cdn.amzira.com/catalog/riya-purple-olive-tree-deer-pattu-pavadai/05.webp
riya-purple-olive-tree-deer-pattu-pavadai,5,false,/Users/parthkaswala/Desktop/Amzira_Inventory/14/10/Side_View.jpg,catalog/riya-purple-olive-tree-deer-pattu-pavadai/06.webp,https://cdn.amzira.com/catalog/riya-purple-olive-tree-deer-pattu-pavadai/06.webp
aarna-teal-mustard-peacock-butta-pattu-pavadai,0,true,/Users/parthkaswala/Desktop/Amzira_Inventory/14/12/Back_View.jpg,catalog/aarna-teal-mustard-peacock-butta-pattu-pavadai/01.webp,https://cdn.amzira.com/catalog/aarna-teal-mustard-peacock-butta-pattu-pavadai/01.webp
aarna-teal-mustard-peacock-butta-pattu-pavadai,1,false,/Users/parthkaswala/Desktop/Amzira_Inventory/14/12/Choli.jpg,catalog/aarna-teal-mustard-peacock-butta-pattu-pavadai/02.webp,https://cdn.amzira.com/catalog/aarna-teal-mustard-peacock-butta-pattu-pavadai/02.webp
aarna-teal-mustard-peacock-butta-pattu-pavadai,2,false,/Users/parthkaswala/Desktop/Amzira_Inventory/14/12/Closure_View.jpg,catalog/aarna-teal-mustard-peacock-butta-pattu-pavadai/03.webp,https://cdn.amzira.com/catalog/aarna-teal-mustard-peacock-butta-pattu-pavadai/03.webp
aarna-teal-mustard-peacock-butta-pattu-pavadai,3,false,/Users/parthkaswala/Desktop/Amzira_Inventory/14/12/Front_View.jpg,catalog/aarna-teal-mustard-peacock-butta-pattu-pavadai/04.webp,https://cdn.amzira.com/catalog/aarna-teal-mustard-peacock-butta-pattu-pavadai/04.webp
aarna-teal-mustard-peacock-butta-pattu-pavadai,4,false,/Users/parthkaswala/Desktop/Amzira_Inventory/14/12/Lengha.jpg,catalog/aarna-teal-mustard-peacock-butta-pattu-pavadai/05.webp,https://cdn.amzira.com/catalog/aarna-teal-mustard-peacock-butta-pattu-pavadai/05.webp
aarna-teal-mustard-peacock-butta-pattu-pavadai,5,false,/Users/parthkaswala/Desktop/Amzira_Inventory/14/12/Side_View.jpg,catalog/aarna-teal-mustard-peacock-butta-pattu-pavadai/06.webp,https://cdn.amzira.com/catalog/aarna-teal-mustard-peacock-butta-pattu-pavadai/06.webp
avni-purple-peach-peacock-work-pattu-pavadai,0,true,/Users/parthkaswala/Desktop/Amzira_Inventory/14/13/Back_View.jpg,catalog/avni-purple-peach-peacock-work-pattu-pavadai/01.webp,https://cdn.amzira.com/catalog/avni-purple-peach-peacock-work-pattu-pavadai/01.webp
avni-purple-peach-peacock-work-pattu-pavadai,1,false,/Users/parthkaswala/Desktop/Amzira_Inventory/14/13/Choli.jpg,catalog/avni-purple-peach-peacock-work-pattu-pavadai/02.webp,https://cdn.amzira.com/catalog/avni-purple-peach-peacock-work-pattu-pavadai/02.webp
avni-purple-peach-peacock-work-pattu-pavadai,2,false,/Users/parthkaswala/Desktop/Amzira_Inventory/14/13/Closure_View.jpg,catalog/avni-purple-peach-peacock-work-pattu-pavadai/03.webp,https://cdn.amzira.com/catalog/avni-purple-peach-peacock-work-pattu-pavadai/03.webp
avni-purple-peach-peacock-work-pattu-pavadai,3,false,/Users/parthkaswala/Desktop/Amzira_Inventory/14/13/Front_View.jpg,catalog/avni-purple-peach-peacock-work-pattu-pavadai/04.webp,https://cdn.amzira.com/catalog/avni-purple-peach-peacock-work-pattu-pavadai/04.webp
avni-purple-peach-peacock-work-pattu-pavadai,4,false,/Users/parthkaswala/Desktop/Amzira_Inventory/14/13/Lengha.jpg,catalog/avni-purple-peach-peacock-work-pattu-pavadai/05.webp,https://cdn.amzira.com/catalog/avni-purple-peach-peacock-work-pattu-pavadai/05.webp
avni-purple-peach-peacock-work-pattu-pavadai,5,false,/Users/parthkaswala/Desktop/Amzira_Inventory/14/13/Side_View.jpg,catalog/avni-purple-peach-peacock-work-pattu-pavadai/06.webp,https://cdn.amzira.com/catalog/avni-purple-peach-peacock-work-pattu-pavadai/06.webp
siya-maroon-mint-tree-deer-pattu-pavadai,0,true,/Users/parthkaswala/Desktop/Amzira_Inventory/14/11/Back_View.jpg,catalog/siya-maroon-mint-tree-deer-pattu-pavadai/01.webp,https://cdn.amzira.com/catalog/siya-maroon-mint-tree-deer-pattu-pavadai/01.webp
siya-maroon-mint-tree-deer-pattu-pavadai,1,false,/Users/parthkaswala/Desktop/Amzira_Inventory/14/11/Choli.jpg,catalog/siya-maroon-mint-tree-deer-pattu-pavadai/02.webp,https://cdn.amzira.com/catalog/siya-maroon-mint-tree-deer-pattu-pavadai/02.webp
siya-maroon-mint-tree-deer-pattu-pavadai,2,false,/Users/parthkaswala/Desktop/Amzira_Inventory/14/11/Closure_View.jpg,catalog/siya-maroon-mint-tree-deer-pattu-pavadai/03.webp,https://cdn.amzira.com/catalog/siya-maroon-mint-tree-deer-pattu-pavadai/03.webp
siya-maroon-mint-tree-deer-pattu-pavadai,3,false,/Users/parthkaswala/Desktop/Amzira_Inventory/14/11/Front_View.jpg,catalog/siya-maroon-mint-tree-deer-pattu-pavadai/04.webp,https://cdn.amzira.com/catalog/siya-maroon-mint-tree-deer-pattu-pavadai/04.webp
siya-maroon-mint-tree-deer-pattu-pavadai,4,false,/Users/parthkaswala/Desktop/Amzira_Inventory/14/11/Lengha.jpg,catalog/siya-maroon-mint-tree-deer-pattu-pavadai/05.webp,https://cdn.amzira.com/catalog/siya-maroon-mint-tree-deer-pattu-pavadai/05.webp
siya-maroon-mint-tree-deer-pattu-pavadai,5,false,/Users/parthkaswala/Desktop/Amzira_Inventory/14/11/Side_View.jpg,catalog/siya-maroon-mint-tree-deer-pattu-pavadai/06.webp,https://cdn.amzira.com/catalog/siya-maroon-mint-tree-deer-pattu-pavadai/06.webp
myra-teal-pistachio-peacock-butta-pattu-pavadai,0,true,/Users/parthkaswala/Desktop/Amzira_Inventory/14/14/Back_View.jpg,catalog/myra-teal-pistachio-peacock-butta-pattu-pavadai/01.webp,https://cdn.amzira.com/catalog/myra-teal-pistachio-peacock-butta-pattu-pavadai/01.webp
myra-teal-pistachio-peacock-butta-pattu-pavadai,1,false,/Users/parthkaswala/Desktop/Amzira_Inventory/14/14/Choli.jpg,catalog/myra-teal-pistachio-peacock-butta-pattu-pavadai/02.webp,https://cdn.amzira.com/catalog/myra-teal-pistachio-peacock-butta-pattu-pavadai/02.webp
myra-teal-pistachio-peacock-butta-pattu-pavadai,2,false,/Users/parthkaswala/Desktop/Amzira_Inventory/14/14/Closure_View.jpg,catalog/myra-teal-pistachio-peacock-butta-pattu-pavadai/03.webp,https://cdn.amzira.com/catalog/myra-teal-pistachio-peacock-butta-pattu-pavadai/03.webp
myra-teal-pistachio-peacock-butta-pattu-pavadai,3,false,/Users/parthkaswala/Desktop/Amzira_Inventory/14/14/Front_View.jpg,catalog/myra-teal-pistachio-peacock-butta-pattu-pavadai/04.webp,https://cdn.amzira.com/catalog/myra-teal-pistachio-peacock-butta-pattu-pavadai/04.webp
myra-teal-pistachio-peacock-butta-pattu-pavadai,4,false,/Users/parthkaswala/Desktop/Amzira_Inventory/14/14/Lengha.jpg,catalog/myra-teal-pistachio-peacock-butta-pattu-pavadai/05.webp,https://cdn.amzira.com/catalog/myra-teal-pistachio-peacock-butta-pattu-pavadai/05.webp
myra-teal-pistachio-peacock-butta-pattu-pavadai,5,false,/Users/parthkaswala/Desktop/Amzira_Inventory/14/14/Side_View.jpg,catalog/myra-teal-pistachio-peacock-butta-pattu-pavadai/06.webp,https://cdn.amzira.com/catalog/myra-teal-pistachio-peacock-butta-pattu-pavadai/06.webp
prisha-purple-green-peacock-butta-pattu-pavadai,0,true,/Users/parthkaswala/Desktop/Amzira_Inventory/14/15/Back_View.jpg,catalog/prisha-purple-green-peacock-butta-pattu-pavadai/01.webp,https://cdn.amzira.com/catalog/prisha-purple-green-peacock-butta-pattu-pavadai/01.webp
prisha-purple-green-peacock-butta-pattu-pavadai,1,false,/Users/parthkaswala/Desktop/Amzira_Inventory/14/15/Choli.jpg,catalog/prisha-purple-green-peacock-butta-pattu-pavadai/02.webp,https://cdn.amzira.com/catalog/prisha-purple-green-peacock-butta-pattu-pavadai/02.webp
prisha-purple-green-peacock-butta-pattu-pavadai,2,false,/Users/parthkaswala/Desktop/Amzira_Inventory/14/15/Closure_View.jpg,catalog/prisha-purple-green-peacock-butta-pattu-pavadai/03.webp,https://cdn.amzira.com/catalog/prisha-purple-green-peacock-butta-pattu-pavadai/03.webp
prisha-purple-green-peacock-butta-pattu-pavadai,3,false,/Users/parthkaswala/Desktop/Amzira_Inventory/14/15/Front_View.jpg,catalog/prisha-purple-green-peacock-butta-pattu-pavadai/04.webp,https://cdn.amzira.com/catalog/prisha-purple-green-peacock-butta-pattu-pavadai/04.webp
prisha-purple-green-peacock-butta-pattu-pavadai,4,false,/Users/parthkaswala/Desktop/Amzira_Inventory/14/15/Lengha.png,catalog/prisha-purple-green-peacock-butta-pattu-pavadai/05.webp,https://cdn.amzira.com/catalog/prisha-purple-green-peacock-butta-pattu-pavadai/05.webp
prisha-purple-green-peacock-butta-pattu-pavadai,5,false,/Users/parthkaswala/Desktop/Amzira_Inventory/14/15/Side_View.jpg,catalog/prisha-purple-green-peacock-butta-pattu-pavadai/06.webp,https://cdn.amzira.com/catalog/prisha-purple-green-peacock-butta-pattu-pavadai/06.webp
aaradhya-cream-pink-tree-deer-pattu-pavadai,0,true,/Users/parthkaswala/Desktop/Amzira_Inventory/14/16/Back_View.jpg,catalog/aaradhya-cream-pink-tree-deer-pattu-pavadai/01.webp,https://cdn.amzira.com/catalog/aaradhya-cream-pink-tree-deer-pattu-pavadai/01.webp
aaradhya-cream-pink-tree-deer-pattu-pavadai,1,false,/Users/parthkaswala/Desktop/Amzira_Inventory/14/16/Choli.jpg,catalog/aaradhya-cream-pink-tree-deer-pattu-pavadai/02.webp,https://cdn.amzira.com/catalog/aaradhya-cream-pink-tree-deer-pattu-pavadai/02.webp
aaradhya-cream-pink-tree-deer-pattu-pavadai,2,false,/Users/parthkaswala/Desktop/Amzira_Inventory/14/16/Closure_View.jpg,catalog/aaradhya-cream-pink-tree-deer-pattu-pavadai/03.webp,https://cdn.amzira.com/catalog/aaradhya-cream-pink-tree-deer-pattu-pavadai/03.webp
aaradhya-cream-pink-tree-deer-pattu-pavadai,3,false,/Users/parthkaswala/Desktop/Amzira_Inventory/14/16/Front_View.jpg,catalog/aaradhya-cream-pink-tree-deer-pattu-pavadai/04.webp,https://cdn.amzira.com/catalog/aaradhya-cream-pink-tree-deer-pattu-pavadai/04.webp
aaradhya-cream-pink-tree-deer-pattu-pavadai,4,false,/Users/parthkaswala/Desktop/Amzira_Inventory/14/16/Lengha.png,catalog/aaradhya-cream-pink-tree-deer-pattu-pavadai/05.webp,https://cdn.amzira.com/catalog/aaradhya-cream-pink-tree-deer-pattu-pavadai/05.webp
aaradhya-cream-pink-tree-deer-pattu-pavadai,5,false,/Users/parthkaswala/Desktop/Amzira_Inventory/14/16/Side_View.jpg,catalog/aaradhya-cream-pink-tree-deer-pattu-pavadai/06.webp,https://cdn.amzira.com/catalog/aaradhya-cream-pink-tree-deer-pattu-pavadai/06.webp
navya-lime-yellow-peacock-butta-pattu-pavadai,0,true,/Users/parthkaswala/Desktop/Amzira_Inventory/14/23/Back_View.png,catalog/navya-lime-yellow-peacock-butta-pattu-pavadai/01.webp,https://cdn.amzira.com/catalog/navya-lime-yellow-peacock-butta-pattu-pavadai/01.webp
navya-lime-yellow-peacock-butta-pattu-pavadai,1,false,/Users/parthkaswala/Desktop/Amzira_Inventory/14/23/Choli.png,catalog/navya-lime-yellow-peacock-butta-pattu-pavadai/02.webp,https://cdn.amzira.com/catalog/navya-lime-yellow-peacock-butta-pattu-pavadai/02.webp
navya-lime-yellow-peacock-butta-pattu-pavadai,2,false,/Users/parthkaswala/Desktop/Amzira_Inventory/14/23/Closure_View.png,catalog/navya-lime-yellow-peacock-butta-pattu-pavadai/03.webp,https://cdn.amzira.com/catalog/navya-lime-yellow-peacock-butta-pattu-pavadai/03.webp
navya-lime-yellow-peacock-butta-pattu-pavadai,3,false,/Users/parthkaswala/Desktop/Amzira_Inventory/14/23/Front_View.png,catalog/navya-lime-yellow-peacock-butta-pattu-pavadai/04.webp,https://cdn.amzira.com/catalog/navya-lime-yellow-peacock-butta-pattu-pavadai/04.webp
navya-lime-yellow-peacock-butta-pattu-pavadai,4,false,/Users/parthkaswala/Desktop/Amzira_Inventory/14/23/Lengha.png,catalog/navya-lime-yellow-peacock-butta-pattu-pavadai/05.webp,https://cdn.amzira.com/catalog/navya-lime-yellow-peacock-butta-pattu-pavadai/05.webp
navya-lime-yellow-peacock-butta-pattu-pavadai,5,false,/Users/parthkaswala/Desktop/Amzira_Inventory/14/23/Side_View.png,catalog/navya-lime-yellow-peacock-butta-pattu-pavadai/06.webp,https://cdn.amzira.com/catalog/navya-lime-yellow-peacock-butta-pattu-pavadai/06.webp
anvi-green-blue-peacock-butta-pattu-pavadai,0,true,/Users/parthkaswala/Desktop/Amzira_Inventory/14/18/Back_View.jpg,catalog/anvi-green-blue-peacock-butta-pattu-pavadai/01.webp,https://cdn.amzira.com/catalog/anvi-green-blue-peacock-butta-pattu-pavadai/01.webp
anvi-green-blue-peacock-butta-pattu-pavadai,1,false,/Users/parthkaswala/Desktop/Amzira_Inventory/14/18/Choli.jpg,catalog/anvi-green-blue-peacock-butta-pattu-pavadai/02.webp,https://cdn.amzira.com/catalog/anvi-green-blue-peacock-butta-pattu-pavadai/02.webp
anvi-green-blue-peacock-butta-pattu-pavadai,2,false,/Users/parthkaswala/Desktop/Amzira_Inventory/14/18/Closure_View.jpg,catalog/anvi-green-blue-peacock-butta-pattu-pavadai/03.webp,https://cdn.amzira.com/catalog/anvi-green-blue-peacock-butta-pattu-pavadai/03.webp
anvi-green-blue-peacock-butta-pattu-pavadai,3,false,/Users/parthkaswala/Desktop/Amzira_Inventory/14/18/Front_View.jpg,catalog/anvi-green-blue-peacock-butta-pattu-pavadai/04.webp,https://cdn.amzira.com/catalog/anvi-green-blue-peacock-butta-pattu-pavadai/04.webp
anvi-green-blue-peacock-butta-pattu-pavadai,4,false,/Users/parthkaswala/Desktop/Amzira_Inventory/14/18/Lengha.jpg,catalog/anvi-green-blue-peacock-butta-pattu-pavadai/05.webp,https://cdn.amzira.com/catalog/anvi-green-blue-peacock-butta-pattu-pavadai/05.webp
anvi-green-blue-peacock-butta-pattu-pavadai,5,false,/Users/parthkaswala/Desktop/Amzira_Inventory/14/18/Side_View.jpg,catalog/anvi-green-blue-peacock-butta-pattu-pavadai/06.webp,https://cdn.amzira.com/catalog/anvi-green-blue-peacock-butta-pattu-pavadai/06.webp
kiara-green-maroon-peacock-work-pattu-pavadai,0,true,/Users/parthkaswala/Desktop/Amzira_Inventory/14/19/Back_View.jpg,catalog/kiara-green-maroon-peacock-work-pattu-pavadai/01.webp,https://cdn.amzira.com/catalog/kiara-green-maroon-peacock-work-pattu-pavadai/01.webp
kiara-green-maroon-peacock-work-pattu-pavadai,1,false,/Users/parthkaswala/Desktop/Amzira_Inventory/14/19/Choli.jpg,catalog/kiara-green-maroon-peacock-work-pattu-pavadai/02.webp,https://cdn.amzira.com/catalog/kiara-green-maroon-peacock-work-pattu-pavadai/02.webp
kiara-green-maroon-peacock-work-pattu-pavadai,2,false,/Users/parthkaswala/Desktop/Amzira_Inventory/14/19/Closure_View.jpg,catalog/kiara-green-maroon-peacock-work-pattu-pavadai/03.webp,https://cdn.amzira.com/catalog/kiara-green-maroon-peacock-work-pattu-pavadai/03.webp
kiara-green-maroon-peacock-work-pattu-pavadai,3,false,/Users/parthkaswala/Desktop/Amzira_Inventory/14/19/Front_View.jpg,catalog/kiara-green-maroon-peacock-work-pattu-pavadai/04.webp,https://cdn.amzira.com/catalog/kiara-green-maroon-peacock-work-pattu-pavadai/04.webp
kiara-green-maroon-peacock-work-pattu-pavadai,4,false,/Users/parthkaswala/Desktop/Amzira_Inventory/14/19/Lengha.jpg,catalog/kiara-green-maroon-peacock-work-pattu-pavadai/05.webp,https://cdn.amzira.com/catalog/kiara-green-maroon-peacock-work-pattu-pavadai/05.webp
kiara-green-maroon-peacock-work-pattu-pavadai,5,false,/Users/parthkaswala/Desktop/Amzira_Inventory/14/19/Side_View.jpg,catalog/kiara-green-maroon-peacock-work-pattu-pavadai/06.webp,https://cdn.amzira.com/catalog/kiara-green-maroon-peacock-work-pattu-pavadai/06.webp
saanvi-yellow-green-tree-deer-pattu-pavadai,0,true,/Users/parthkaswala/Desktop/Amzira_Inventory/14/20/Back_View.png,catalog/saanvi-yellow-green-tree-deer-pattu-pavadai/01.webp,https://cdn.amzira.com/catalog/saanvi-yellow-green-tree-deer-pattu-pavadai/01.webp
saanvi-yellow-green-tree-deer-pattu-pavadai,1,false,/Users/parthkaswala/Desktop/Amzira_Inventory/14/20/Choli.png,catalog/saanvi-yellow-green-tree-deer-pattu-pavadai/02.webp,https://cdn.amzira.com/catalog/saanvi-yellow-green-tree-deer-pattu-pavadai/02.webp
saanvi-yellow-green-tree-deer-pattu-pavadai,2,false,/Users/parthkaswala/Desktop/Amzira_Inventory/14/20/Closure_View.png,catalog/saanvi-yellow-green-tree-deer-pattu-pavadai/03.webp,https://cdn.amzira.com/catalog/saanvi-yellow-green-tree-deer-pattu-pavadai/03.webp
saanvi-yellow-green-tree-deer-pattu-pavadai,3,false,/Users/parthkaswala/Desktop/Amzira_Inventory/14/20/Front_View.png,catalog/saanvi-yellow-green-tree-deer-pattu-pavadai/04.webp,https://cdn.amzira.com/catalog/saanvi-yellow-green-tree-deer-pattu-pavadai/04.webp
saanvi-yellow-green-tree-deer-pattu-pavadai,4,false,/Users/parthkaswala/Desktop/Amzira_Inventory/14/20/Lengha.png,catalog/saanvi-yellow-green-tree-deer-pattu-pavadai/05.webp,https://cdn.amzira.com/catalog/saanvi-yellow-green-tree-deer-pattu-pavadai/05.webp
saanvi-yellow-green-tree-deer-pattu-pavadai,5,false,/Users/parthkaswala/Desktop/Amzira_Inventory/14/20/Side_View.png,catalog/saanvi-yellow-green-tree-deer-pattu-pavadai/06.webp,https://cdn.amzira.com/catalog/saanvi-yellow-green-tree-deer-pattu-pavadai/06.webp
amaira-light-green-red-jacquard-work-lehenga-choli,0,true,/Users/parthkaswala/Desktop/Amzira_Inventory/14/21/Back_View.jpg,catalog/amaira-light-green-red-jacquard-work-lehenga-choli/01.webp,https://cdn.amzira.com/catalog/amaira-light-green-red-jacquard-work-lehenga-choli/01.webp
amaira-light-green-red-jacquard-work-lehenga-choli,1,false,/Users/parthkaswala/Desktop/Amzira_Inventory/14/21/Choli.jpg,catalog/amaira-light-green-red-jacquard-work-lehenga-choli/02.webp,https://cdn.amzira.com/catalog/amaira-light-green-red-jacquard-work-lehenga-choli/02.webp
amaira-light-green-red-jacquard-work-lehenga-choli,2,false,/Users/parthkaswala/Desktop/Amzira_Inventory/14/21/Closure_View.jpg,catalog/amaira-light-green-red-jacquard-work-lehenga-choli/03.webp,https://cdn.amzira.com/catalog/amaira-light-green-red-jacquard-work-lehenga-choli/03.webp
amaira-light-green-red-jacquard-work-lehenga-choli,3,false,/Users/parthkaswala/Desktop/Amzira_Inventory/14/21/Front_View.jpg,catalog/amaira-light-green-red-jacquard-work-lehenga-choli/04.webp,https://cdn.amzira.com/catalog/amaira-light-green-red-jacquard-work-lehenga-choli/04.webp
amaira-light-green-red-jacquard-work-lehenga-choli,4,false,/Users/parthkaswala/Desktop/Amzira_Inventory/14/21/Lengha.jpg,catalog/amaira-light-green-red-jacquard-work-lehenga-choli/05.webp,https://cdn.amzira.com/catalog/amaira-light-green-red-jacquard-work-lehenga-choli/05.webp
amaira-light-green-red-jacquard-work-lehenga-choli,5,false,/Users/parthkaswala/Desktop/Amzira_Inventory/14/21/Outfit.png,catalog/amaira-light-green-red-jacquard-work-lehenga-choli/06.webp,https://cdn.amzira.com/catalog/amaira-light-green-red-jacquard-work-lehenga-choli/06.webp
amaira-light-green-red-jacquard-work-lehenga-choli,6,false,/Users/parthkaswala/Desktop/Amzira_Inventory/14/21/Side_View.jpg,catalog/amaira-light-green-red-jacquard-work-lehenga-choli/07.webp,https://cdn.amzira.com/catalog/amaira-light-green-red-jacquard-work-lehenga-choli/07.webp
neela-royal-blue-checked-butta-pattu-pavadai,0,true,/Users/parthkaswala/Desktop/Amzira_Inventory/15/Back_View.png,catalog/neela-royal-blue-checked-butta-pattu-pavadai/01.webp,https://cdn.amzira.com/catalog/neela-royal-blue-checked-butta-pattu-pavadai/01.webp
neela-royal-blue-checked-butta-pattu-pavadai,1,false,/Users/parthkaswala/Desktop/Amzira_Inventory/15/Choli.png,catalog/neela-royal-blue-checked-butta-pattu-pavadai/02.webp,https://cdn.amzira.com/catalog/neela-royal-blue-checked-butta-pattu-pavadai/02.webp
neela-royal-blue-checked-butta-pattu-pavadai,2,false,/Users/parthkaswala/Desktop/Amzira_Inventory/15/Closure_View.png,catalog/neela-royal-blue-checked-butta-pattu-pavadai/03.webp,https://cdn.amzira.com/catalog/neela-royal-blue-checked-butta-pattu-pavadai/03.webp
neela-royal-blue-checked-butta-pattu-pavadai,3,false,/Users/parthkaswala/Desktop/Amzira_Inventory/15/Front_View.png,catalog/neela-royal-blue-checked-butta-pattu-pavadai/04.webp,https://cdn.amzira.com/catalog/neela-royal-blue-checked-butta-pattu-pavadai/04.webp
neela-royal-blue-checked-butta-pattu-pavadai,4,false,/Users/parthkaswala/Desktop/Amzira_Inventory/15/Lengha.png,catalog/neela-royal-blue-checked-butta-pattu-pavadai/05.webp,https://cdn.amzira.com/catalog/neela-royal-blue-checked-butta-pattu-pavadai/05.webp
neela-royal-blue-checked-butta-pattu-pavadai,5,false,/Users/parthkaswala/Desktop/Amzira_Inventory/15/Side_View.png,catalog/neela-royal-blue-checked-butta-pattu-pavadai/06.webp,https://cdn.amzira.com/catalog/neela-royal-blue-checked-butta-pattu-pavadai/06.webp
gauri-green-rani-pink-checked-butta-pattu-pavadai,0,true,/Users/parthkaswala/Desktop/Amzira_Inventory/2/1/Back_View.jpg,catalog/gauri-green-rani-pink-checked-butta-pattu-pavadai/01.webp,https://cdn.amzira.com/catalog/gauri-green-rani-pink-checked-butta-pattu-pavadai/01.webp
gauri-green-rani-pink-checked-butta-pattu-pavadai,1,false,/Users/parthkaswala/Desktop/Amzira_Inventory/2/1/Choli.jpg,catalog/gauri-green-rani-pink-checked-butta-pattu-pavadai/02.webp,https://cdn.amzira.com/catalog/gauri-green-rani-pink-checked-butta-pattu-pavadai/02.webp
gauri-green-rani-pink-checked-butta-pattu-pavadai,2,false,/Users/parthkaswala/Desktop/Amzira_Inventory/2/1/Choli_Backside.jpg,catalog/gauri-green-rani-pink-checked-butta-pattu-pavadai/03.webp,https://cdn.amzira.com/catalog/gauri-green-rani-pink-checked-butta-pattu-pavadai/03.webp
gauri-green-rani-pink-checked-butta-pattu-pavadai,3,false,/Users/parthkaswala/Desktop/Amzira_Inventory/2/1/Closure_View.jpg,catalog/gauri-green-rani-pink-checked-butta-pattu-pavadai/04.webp,https://cdn.amzira.com/catalog/gauri-green-rani-pink-checked-butta-pattu-pavadai/04.webp
gauri-green-rani-pink-checked-butta-pattu-pavadai,4,false,/Users/parthkaswala/Desktop/Amzira_Inventory/2/1/Front_View.jpg,catalog/gauri-green-rani-pink-checked-butta-pattu-pavadai/05.webp,https://cdn.amzira.com/catalog/gauri-green-rani-pink-checked-butta-pattu-pavadai/05.webp
gauri-green-rani-pink-checked-butta-pattu-pavadai,5,false,/Users/parthkaswala/Desktop/Amzira_Inventory/2/1/Lengha.jpg,catalog/gauri-green-rani-pink-checked-butta-pattu-pavadai/06.webp,https://cdn.amzira.com/catalog/gauri-green-rani-pink-checked-butta-pattu-pavadai/06.webp
gauri-green-rani-pink-checked-butta-pattu-pavadai,6,false,/Users/parthkaswala/Desktop/Amzira_Inventory/2/1/Side_View.jpg,catalog/gauri-green-rani-pink-checked-butta-pattu-pavadai/07.webp,https://cdn.amzira.com/catalog/gauri-green-rani-pink-checked-butta-pattu-pavadai/07.webp
mahi-purple-green-checked-butta-pattu-pavadai,0,true,/Users/parthkaswala/Desktop/Amzira_Inventory/2/2/Back_View.jpg,catalog/mahi-purple-green-checked-butta-pattu-pavadai/01.webp,https://cdn.amzira.com/catalog/mahi-purple-green-checked-butta-pattu-pavadai/01.webp
mahi-purple-green-checked-butta-pattu-pavadai,1,false,/Users/parthkaswala/Desktop/Amzira_Inventory/2/2/Choli.jpg,catalog/mahi-purple-green-checked-butta-pattu-pavadai/02.webp,https://cdn.amzira.com/catalog/mahi-purple-green-checked-butta-pattu-pavadai/02.webp
mahi-purple-green-checked-butta-pattu-pavadai,2,false,/Users/parthkaswala/Desktop/Amzira_Inventory/2/2/Choli_Backside.jpg,catalog/mahi-purple-green-checked-butta-pattu-pavadai/03.webp,https://cdn.amzira.com/catalog/mahi-purple-green-checked-butta-pattu-pavadai/03.webp
mahi-purple-green-checked-butta-pattu-pavadai,3,false,/Users/parthkaswala/Desktop/Amzira_Inventory/2/2/Closure_View.jpg,catalog/mahi-purple-green-checked-butta-pattu-pavadai/04.webp,https://cdn.amzira.com/catalog/mahi-purple-green-checked-butta-pattu-pavadai/04.webp
mahi-purple-green-checked-butta-pattu-pavadai,4,false,/Users/parthkaswala/Desktop/Amzira_Inventory/2/2/Front_View.jpg,catalog/mahi-purple-green-checked-butta-pattu-pavadai/05.webp,https://cdn.amzira.com/catalog/mahi-purple-green-checked-butta-pattu-pavadai/05.webp
mahi-purple-green-checked-butta-pattu-pavadai,5,false,/Users/parthkaswala/Desktop/Amzira_Inventory/2/2/Lengha.jpg,catalog/mahi-purple-green-checked-butta-pattu-pavadai/06.webp,https://cdn.amzira.com/catalog/mahi-purple-green-checked-butta-pattu-pavadai/06.webp
mahi-purple-green-checked-butta-pattu-pavadai,6,false,/Users/parthkaswala/Desktop/Amzira_Inventory/2/2/Side_View.jpg,catalog/mahi-purple-green-checked-butta-pattu-pavadai/07.webp,https://cdn.amzira.com/catalog/mahi-purple-green-checked-butta-pattu-pavadai/07.webp
tara-royal-blue-ivory-checked-butta-pattu-pavadai,0,true,/Users/parthkaswala/Desktop/Amzira_Inventory/2/3/Back_View.jpg,catalog/tara-royal-blue-ivory-checked-butta-pattu-pavadai/01.webp,https://cdn.amzira.com/catalog/tara-royal-blue-ivory-checked-butta-pattu-pavadai/01.webp
tara-royal-blue-ivory-checked-butta-pattu-pavadai,1,false,/Users/parthkaswala/Desktop/Amzira_Inventory/2/3/Choli.jpg,catalog/tara-royal-blue-ivory-checked-butta-pattu-pavadai/02.webp,https://cdn.amzira.com/catalog/tara-royal-blue-ivory-checked-butta-pattu-pavadai/02.webp
tara-royal-blue-ivory-checked-butta-pattu-pavadai,2,false,/Users/parthkaswala/Desktop/Amzira_Inventory/2/3/Choli_Backside.jpg,catalog/tara-royal-blue-ivory-checked-butta-pattu-pavadai/03.webp,https://cdn.amzira.com/catalog/tara-royal-blue-ivory-checked-butta-pattu-pavadai/03.webp
tara-royal-blue-ivory-checked-butta-pattu-pavadai,3,false,/Users/parthkaswala/Desktop/Amzira_Inventory/2/3/Closure_View.jpg,catalog/tara-royal-blue-ivory-checked-butta-pattu-pavadai/04.webp,https://cdn.amzira.com/catalog/tara-royal-blue-ivory-checked-butta-pattu-pavadai/04.webp
tara-royal-blue-ivory-checked-butta-pattu-pavadai,4,false,/Users/parthkaswala/Desktop/Amzira_Inventory/2/3/Front_View.jpg,catalog/tara-royal-blue-ivory-checked-butta-pattu-pavadai/05.webp,https://cdn.amzira.com/catalog/tara-royal-blue-ivory-checked-butta-pattu-pavadai/05.webp
tara-royal-blue-ivory-checked-butta-pattu-pavadai,5,false,/Users/parthkaswala/Desktop/Amzira_Inventory/2/3/Lengha.jpg,catalog/tara-royal-blue-ivory-checked-butta-pattu-pavadai/06.webp,https://cdn.amzira.com/catalog/tara-royal-blue-ivory-checked-butta-pattu-pavadai/06.webp
aarohi-royal-blue-orange-checked-butta-pattu-pavadai,0,true,/Users/parthkaswala/Desktop/Amzira_Inventory/2/4/Back_View.jpg,catalog/aarohi-royal-blue-orange-checked-butta-pattu-pavadai/01.webp,https://cdn.amzira.com/catalog/aarohi-royal-blue-orange-checked-butta-pattu-pavadai/01.webp
aarohi-royal-blue-orange-checked-butta-pattu-pavadai,1,false,/Users/parthkaswala/Desktop/Amzira_Inventory/2/4/Choli.jpg,catalog/aarohi-royal-blue-orange-checked-butta-pattu-pavadai/02.webp,https://cdn.amzira.com/catalog/aarohi-royal-blue-orange-checked-butta-pattu-pavadai/02.webp
aarohi-royal-blue-orange-checked-butta-pattu-pavadai,2,false,/Users/parthkaswala/Desktop/Amzira_Inventory/2/4/Cholia_Backside.jpg,catalog/aarohi-royal-blue-orange-checked-butta-pattu-pavadai/03.webp,https://cdn.amzira.com/catalog/aarohi-royal-blue-orange-checked-butta-pattu-pavadai/03.webp
aarohi-royal-blue-orange-checked-butta-pattu-pavadai,3,false,/Users/parthkaswala/Desktop/Amzira_Inventory/2/4/Closure_View.jpg,catalog/aarohi-royal-blue-orange-checked-butta-pattu-pavadai/04.webp,https://cdn.amzira.com/catalog/aarohi-royal-blue-orange-checked-butta-pattu-pavadai/04.webp
aarohi-royal-blue-orange-checked-butta-pattu-pavadai,4,false,/Users/parthkaswala/Desktop/Amzira_Inventory/2/4/Front_View.jpg,catalog/aarohi-royal-blue-orange-checked-butta-pattu-pavadai/05.webp,https://cdn.amzira.com/catalog/aarohi-royal-blue-orange-checked-butta-pattu-pavadai/05.webp
aarohi-royal-blue-orange-checked-butta-pattu-pavadai,5,false,/Users/parthkaswala/Desktop/Amzira_Inventory/2/4/Lengha.jpg,catalog/aarohi-royal-blue-orange-checked-butta-pattu-pavadai/06.webp,https://cdn.amzira.com/catalog/aarohi-royal-blue-orange-checked-butta-pattu-pavadai/06.webp
ishani-red-black-checked-butta-pattu-pavadai,0,true,/Users/parthkaswala/Desktop/Amzira_Inventory/2/5/Back_View.png,catalog/ishani-red-black-checked-butta-pattu-pavadai/01.webp,https://cdn.amzira.com/catalog/ishani-red-black-checked-butta-pattu-pavadai/01.webp
ishani-red-black-checked-butta-pattu-pavadai,1,false,/Users/parthkaswala/Desktop/Amzira_Inventory/2/5/Choli.png,catalog/ishani-red-black-checked-butta-pattu-pavadai/02.webp,https://cdn.amzira.com/catalog/ishani-red-black-checked-butta-pattu-pavadai/02.webp
ishani-red-black-checked-butta-pattu-pavadai,2,false,/Users/parthkaswala/Desktop/Amzira_Inventory/2/5/Choli_Backside.png,catalog/ishani-red-black-checked-butta-pattu-pavadai/03.webp,https://cdn.amzira.com/catalog/ishani-red-black-checked-butta-pattu-pavadai/03.webp
ishani-red-black-checked-butta-pattu-pavadai,3,false,/Users/parthkaswala/Desktop/Amzira_Inventory/2/5/Closure_View.png,catalog/ishani-red-black-checked-butta-pattu-pavadai/04.webp,https://cdn.amzira.com/catalog/ishani-red-black-checked-butta-pattu-pavadai/04.webp
ishani-red-black-checked-butta-pattu-pavadai,4,false,/Users/parthkaswala/Desktop/Amzira_Inventory/2/5/Front_View.png,catalog/ishani-red-black-checked-butta-pattu-pavadai/05.webp,https://cdn.amzira.com/catalog/ishani-red-black-checked-butta-pattu-pavadai/05.webp
ishani-red-black-checked-butta-pattu-pavadai,5,false,/Users/parthkaswala/Desktop/Amzira_Inventory/2/5/Lengha.png,catalog/ishani-red-black-checked-butta-pattu-pavadai/06.webp,https://cdn.amzira.com/catalog/ishani-red-black-checked-butta-pattu-pavadai/06.webp
ishani-red-black-checked-butta-pattu-pavadai,6,false,/Users/parthkaswala/Desktop/Amzira_Inventory/2/5/Side_View.png,catalog/ishani-red-black-checked-butta-pattu-pavadai/07.webp,https://cdn.amzira.com/catalog/ishani-red-black-checked-butta-pattu-pavadai/07.webp
